EID,EPhone
E00001,84682678749
E00001,84984937371
E00002,84403979105
E00002,84963224538
E00003,84004341114
E00003,84932350836
E00004,84562556692
E00004,84314318985
E00005,84113581458
E00006,84776838653
E00006,84636999089
E00007,84806335661
E00007,84764645682
E00008,84990699360
E00009,84056083282
E00010,84557995370
E00011,84099490831
E00011,84393314506
E00012,84162710388
E00012,84014603648
E00013,84424023230
E00014,84147180912
E00014,84792350591
E00015,84203142135
E00015,84623865416
E00016,84850859522
E00017,84814628515
E00018,84075038775
E00018,84649983363
E00019,84225255243
E00019,84296215218
E00020,84806995348
E00020,84285321704
E00021,84533457861
E00021,84769601750
E00022,84786676874
E00023,84199534162
E00024,84721005390
E00024,84650854343
E00025,84333600596
E00025,84887981932
E00026,84021271422
E00027,84298963414
E00028,84786679747
E00028,84325215954
E00029,84757196016
E00029,84303908314
E00030,84139057326
E00030,84690121452
E00031,84348980074
E00031,84052089734
E00032,84823114131
E00033,84726168676
E00033,84301354935
E00034,84260736927
E00035,84672177266
E00035,84298978520
E00036,84882542921
E00037,84465462729
E00038,84568588481
E00038,84168000176
E00039,84009688858
E00039,84461858766
E00040,84818172026
E00040,84597221048
E00041,84538484698
E00042,84287017522
E00043,84171321712
E00044,84050407744
E00044,84339215952
E00045,84559839192
E00045,84237544641
E00046,84787899221
E00047,84602401771
E00048,84485766309
E00049,84111962346
E00050,84417702361
E00050,84335645924
